ocel_id;ocel_time
issue_ticket_tr7_Pcp35;2024-05-03 00:48:23
issue_ticket_tr38_Pcp35;2024-05-03 00:55:24
issue_ticket_tr17_Pcp88;2024-05-03 10:51:42
issue_ticket_tr6_Pcp88;2024-05-03 11:06:36
issue_ticket_tr13_Pcp89;2024-05-04 06:31:40
issue_ticket_tr3_Pcp89;2024-05-04 07:49:48
issue_ticket_tr34_Pcp338;2024-05-04 08:07:10
issue_ticket_tr50_Pcp338;2024-05-04 09:10:16
issue_ticket_tr11_Pcp228;2024-05-06 05:22:49
issue_ticket_tr21_Pcp228;2024-05-06 05:28:40
issue_ticket_tr44_Pcp169;2024-05-06 05:30:49
issue_ticket_tr4_Pcp287;2024-05-06 05:48:49
issue_ticket_tr33_Pcp146;2024-05-06 05:49:43
issue_ticket_tr5_Pcp245;2024-05-06 05:51:02
issue_ticket_tr40_Pcp245;2024-05-06 05:58:24
issue_ticket_tr32_Pcp287;2024-05-06 06:00:18
issue_ticket_tr30_Pcp128;2024-05-06 06:04:07
issue_ticket_tr6_Pcp119;2024-05-06 06:04:47
issue_ticket_tr26_Pcp415;2024-05-06 06:05:49
issue_ticket_tr19_Pcp119;2024-05-06 06:06:47
issue_ticket_tr23_Pcp468;2024-05-06 06:08:13
issue_ticket_tr15_Pcp234;2024-05-06 06:11:09
issue_ticket_tr37_Pcp81;2024-05-06 06:12:18
issue_ticket_tr38_Pcp69;2024-05-06 06:13:40
issue_ticket_tr49_Pcp258;2024-05-06 06:13:58
issue_ticket_tr39_Pcp169;2024-05-06 06:15:11
issue_ticket_tr28_Pcp105;2024-05-06 06:17:08
issue_ticket_tr8_Pcp234;2024-05-06 06:27:03
issue_ticket_tr16_Pcp440;2024-05-06 06:28:52
issue_ticket_tr7_Pcp258;2024-05-06 06:32:36
issue_ticket_tr29_Pcp69;2024-05-06 06:32:36
issue_ticket_tr9_Pcp415;2024-05-06 06:36:40
issue_ticket_tr25_Pcp110;2024-05-06 06:37:03
issue_ticket_tr24_Pcp82;2024-05-06 06:41:45
issue_ticket_tr46_Pcp190;2024-05-06 06:43:32
issue_ticket_tr20_Pcp82;2024-05-06 06:43:59
issue_ticket_tr27_Pcp190;2024-05-06 06:45:17
issue_ticket_tr17_Pcp81;2024-05-06 06:52:46
issue_ticket_tr31_Pcp105;2024-05-06 06:59:04
issue_ticket_tr45_Pcp146;2024-05-06 07:01:04
issue_ticket_tr18_Pcp110;2024-05-06 07:07:08
issue_ticket_tr14_Pcp404;2024-05-06 07:08:04
issue_ticket_tr42_Pcp440;2024-05-06 07:12:06
issue_ticket_tr1_Pcp404;2024-05-06 07:41:33
issue_ticket_tr13_Pcp438;2024-05-06 12:49:24
issue_ticket_tr41_Pcp459;2024-05-06 13:00:32
issue_ticket_tr34_Pcp121;2024-05-06 13:04:36
issue_ticket_tr12_Pcp432;2024-05-06 13:05:34
issue_ticket_tr48_Pcp121;2024-05-06 13:05:42
issue_ticket_tr50_Pcp459;2024-05-06 13:11:39
issue_ticket_tr2_Pcp14;2024-05-06 13:24:32
issue_ticket_tr3_Pcp219;2024-05-06 13:39:47
issue_ticket_tr36_Pcp432;2024-05-06 13:51:41
issue_ticket_tr22_Pcp14;2024-05-06 14:14:49
issue_ticket_tr47_Pcp438;2024-05-06 14:39:24
issue_ticket_tr10_Pcp271;2024-05-08 05:38:05
issue_ticket_tr4_Pcp219;2024-05-08 06:39:14
issue_ticket_tr23_Pcp434;2024-05-08 06:52:37
issue_ticket_tr26_Pcp209;2024-05-08 06:57:27
issue_ticket_tr44_Pcp223;2024-05-08 06:59:39
issue_ticket_tr35_Pcp434;2024-05-08 07:04:23
issue_ticket_tr40_Pcp482;2024-05-08 07:05:22
issue_ticket_tr30_Pcp497;2024-05-08 07:09:30
issue_ticket_tr49_Pcp213;2024-05-08 07:14:36
issue_ticket_tr20_Pcp498;2024-05-08 07:24:22
issue_ticket_tr43_Pcp99;2024-05-08 07:25:14
issue_ticket_tr46_Pcp106;2024-05-08 07:27:59
issue_ticket_tr29_Pcp240;2024-05-08 07:28:23
issue_ticket_tr21_Pcp421;2024-05-08 07:30:24
issue_ticket_tr33_Pcp354;2024-05-08 07:34:20
issue_ticket_tr11_Pcp99;2024-05-08 07:36:00
issue_ticket_tr19_Pcp354;2024-05-08 07:38:43
issue_ticket_tr27_Pcp94;2024-05-08 07:41:26
issue_ticket_tr18_Pcp452;2024-05-08 07:45:15
issue_ticket_tr15_Pcp208;2024-05-08 07:52:37
issue_ticket_tr39_Pcp248;2024-05-08 07:53:56
issue_ticket_tr7_Pcp94;2024-05-08 07:55:27
issue_ticket_tr31_Pcp208;2024-05-08 07:56:11
issue_ticket_tr37_Pcp38;2024-05-08 07:57:34
issue_ticket_tr24_Pcp70;2024-05-08 07:58:27
issue_ticket_tr45_Pcp294;2024-05-08 07:59:23
issue_ticket_tr42_Pcp450;2024-05-08 07:59:45
issue_ticket_tr38_Pcp421;2024-05-08 08:08:11
issue_ticket_tr8_Pcp73;2024-05-08 08:08:51
issue_ticket_tr25_Pcp293;2024-05-08 08:11:26
issue_ticket_tr17_Pcp248;2024-05-08 08:15:08
issue_ticket_tr6_Pcp363;2024-05-08 08:16:49
issue_ticket_tr32_Pcp487;2024-05-08 08:21:26
issue_ticket_tr14_Pcp497;2024-05-08 08:52:50
issue_ticket_tr16_Pcp70;2024-05-08 08:53:30
issue_ticket_tr5_Pcp194;2024-05-08 09:03:53
issue_ticket_tr9_Pcp451;2024-05-08 09:30:10
issue_ticket_tr28_Pcp223;2024-05-08 09:35:31
issue_ticket_tr41_Pcp86;2024-05-08 13:52:42
issue_ticket_tr2_Pcp495;2024-05-08 14:03:33
issue_ticket_tr12_Pcp162;2024-05-08 14:09:19
issue_ticket_tr50_Pcp482;2024-05-08 14:10:40
issue_ticket_tr13_Pcp73;2024-05-08 15:14:30
issue_ticket_tr36_Pcp367;2024-05-08 15:47:18
issue_ticket_tr22_Pcp113;2024-05-08 15:50:11
issue_ticket_tr3_Pcp104;2024-05-08 16:01:00
issue_ticket_tr10_Pcp407;2024-05-10 06:35:02
issue_ticket_tr35_Pcp324;2024-05-10 08:02:06
issue_ticket_tr20_Pcp171;2024-05-10 08:15:12
issue_ticket_tr30_Pcp454;2024-05-10 08:24:05
issue_ticket_tr21_Pcp63;2024-05-10 08:27:16
issue_ticket_tr44_Pcp427;2024-05-10 08:29:28
issue_ticket_tr11_Pcp479;2024-05-10 08:30:58
issue_ticket_tr49_Pcp330;2024-05-10 08:39:49
issue_ticket_tr33_Pcp360;2024-05-10 08:40:51
issue_ticket_tr25_Pcp407;2024-05-10 08:50:15
issue_ticket_tr38_Pcp86;2024-05-10 08:54:22
issue_ticket_tr7_Pcp168;2024-05-10 08:55:00
issue_ticket_tr18_Pcp207;2024-05-10 08:59:25
issue_ticket_tr26_Pcp320;2024-05-10 08:59:58
issue_ticket_tr29_Pcp113;2024-05-10 09:08:35
issue_ticket_tr1_Pcp207;2024-05-10 09:14:21
issue_ticket_tr40_Pcp1;2024-05-10 09:20:09
issue_ticket_tr17_Pcp305;2024-05-10 09:23:34
issue_ticket_tr4_Pcp428;2024-05-10 09:28:22
issue_ticket_tr32_Pcp64;2024-05-10 09:29:47
issue_ticket_tr24_Pcp249;2024-05-10 09:30:06
issue_ticket_tr15_Pcp96;2024-05-10 09:32:47
issue_ticket_tr8_Pcp221;2024-05-10 09:32:51
issue_ticket_tr46_Pcp309;2024-05-10 09:33:46
issue_ticket_tr6_Pcp336;2024-05-10 09:38:04
issue_ticket_tr23_Pcp389;2024-05-10 09:40:50
issue_ticket_tr39_Pcp362;2024-05-10 09:57:24
issue_ticket_tr43_Pcp472;2024-05-10 10:03:02
issue_ticket_tr19_Pcp20;2024-05-10 10:03:34
issue_ticket_tr45_Pcp102;2024-05-10 10:11:34
issue_ticket_tr14_Pcp197;2024-05-10 10:26:26
issue_ticket_tr42_Pcp23;2024-05-10 10:31:54
issue_ticket_tr31_Pcp484;2024-05-10 10:36:54
issue_ticket_tr28_Pcp155;2024-05-10 10:42:52
issue_ticket_tr37_Pcp253;2024-05-10 10:45:24
issue_ticket_tr27_Pcp336;2024-05-10 10:51:45
issue_ticket_tr9_Pcp431;2024-05-10 11:35:00
issue_ticket_tr16_Pcp163;2024-05-10 12:10:21
issue_ticket_tr5_Pcp334;2024-05-10 12:23:57
issue_ticket_tr48_Pcp95;2024-05-10 14:42:49
issue_ticket_tr34_Pcp311;2024-05-10 14:53:58
issue_ticket_tr41_Pcp49;2024-05-10 15:01:53
issue_ticket_tr50_Pcp48;2024-05-10 15:50:40
issue_ticket_tr2_Pcp397;2024-05-10 16:17:17
issue_ticket_tr13_Pcp490;2024-05-10 17:14:18
issue_ticket_tr22_Pcp330;2024-05-10 17:20:16
issue_ticket_tr47_Pcp430;2024-05-10 17:22:09
issue_ticket_tr12_Pcp104;2024-05-10 17:24:59
issue_ticket_tr36_Pcp369;2024-05-10 17:38:49
issue_ticket_tr3_Pcp270;2024-05-10 19:26:20
issue_ticket_tr10_Pcp116;2024-05-12 08:12:50
issue_ticket_tr20_Pcp103;2024-05-12 09:26:56
issue_ticket_tr49_Pcp469;2024-05-12 09:30:41
issue_ticket_tr44_Pcp427;2024-05-12 10:02:15
issue_ticket_tr7_Pcp470;2024-05-12 10:19:01
issue_ticket_tr25_Pcp281;2024-05-12 10:20:58
issue_ticket_tr40_Pcp275;2024-05-12 10:22:25
issue_ticket_tr32_Pcp457;2024-05-12 10:25:10
issue_ticket_tr4_Pcp38;2024-05-12 10:25:48
issue_ticket_tr8_Pcp76;2024-05-12 10:26:40
issue_ticket_tr15_Pcp213;2024-05-12 10:29:20
issue_ticket_tr38_Pcp296;2024-05-12 10:36:49
issue_ticket_tr33_Pcp45;2024-05-12 10:44:15
issue_ticket_tr11_Pcp397;2024-05-12 10:44:16
issue_ticket_tr35_Pcp342;2024-05-12 10:44:37
issue_ticket_tr18_Pcp260;2024-05-12 10:45:46
issue_ticket_tr29_Pcp276;2024-05-12 11:02:03
issue_ticket_tr19_Pcp151;2024-05-12 11:05:54
issue_ticket_tr46_Pcp177;2024-05-12 11:06:20
issue_ticket_tr17_Pcp423;2024-05-12 11:11:37
issue_ticket_tr42_Pcp205;2024-05-12 11:23:12
issue_ticket_tr1_Pcp485;2024-05-12 11:24:38
issue_ticket_tr31_Pcp196;2024-05-12 11:26:53
issue_ticket_tr37_Pcp447;2024-05-12 11:40:24
issue_ticket_tr24_Pcp41;2024-05-12 11:40:27
issue_ticket_tr28_Pcp447;2024-05-12 11:42:15
issue_ticket_tr26_Pcp175;2024-05-12 11:47:32
issue_ticket_tr43_Pcp204;2024-05-12 11:53:09
issue_ticket_tr14_Pcp49;2024-05-12 11:54:55
issue_ticket_tr23_Pcp56;2024-05-12 12:00:52
issue_ticket_tr6_Pcp106;2024-05-12 12:12:06
issue_ticket_tr27_Pcp236;2024-05-12 12:21:18
issue_ticket_tr39_Pcp24;2024-05-12 12:25:44
issue_ticket_tr9_Pcp23;2024-05-12 12:41:56
issue_ticket_tr16_Pcp117;2024-05-12 13:08:13
issue_ticket_tr5_Pcp453;2024-05-12 13:23:47
issue_ticket_tr48_Pcp294;2024-05-12 15:31:31
issue_ticket_tr41_Pcp284;2024-05-12 15:51:10
issue_ticket_tr34_Pcp211;2024-05-12 16:30:14
issue_ticket_tr50_Pcp72;2024-05-12 17:53:40
issue_ticket_tr2_Pcp179;2024-05-12 18:00:46
issue_ticket_tr12_Pcp151;2024-05-12 18:11:24
issue_ticket_tr13_Pcp25;2024-05-12 18:12:13
issue_ticket_tr47_Pcp367;2024-05-12 18:25:42
issue_ticket_tr36_Pcp209;2024-05-12 18:32:21
issue_ticket_tr22_Pcp395;2024-05-12 20:12:50
issue_ticket_tr3_Pcp342;2024-05-12 20:32:12
issue_ticket_tr30_Pcp182;2024-05-14 09:36:53
issue_ticket_tr20_Pcp202;2024-05-14 10:28:21
issue_ticket_tr10_Pcp355;2024-05-14 10:34:03
issue_ticket_tr15_Pcp411;2024-05-14 11:13:10
issue_ticket_tr25_Pcp153;2024-05-14 11:14:58
issue_ticket_tr7_Pcp77;2024-05-14 11:17:09
issue_ticket_tr40_Pcp100;2024-05-14 11:31:45
issue_ticket_tr18_Pcp396;2024-05-14 11:34:45
issue_ticket_tr33_Pcp370;2024-05-14 11:35:34
issue_ticket_tr45_Pcp296;2024-05-14 11:37:49
issue_ticket_tr31_Pcp211;2024-05-14 11:56:06
issue_ticket_tr19_Pcp131;2024-05-14 11:57:55
issue_ticket_tr29_Pcp117;2024-05-14 12:02:37
issue_ticket_tr38_Pcp284;2024-05-14 12:02:45
issue_ticket_tr4_Pcp252;2024-05-14 12:05:45
issue_ticket_tr44_Pcp159;2024-05-14 12:11:00
issue_ticket_tr46_Pcp476;2024-05-14 12:12:52
issue_ticket_tr42_Pcp171;2024-05-14 12:25:29
issue_ticket_tr11_Pcp408;2024-05-14 12:29:45
issue_ticket_tr49_Pcp487;2024-05-14 12:46:33
issue_ticket_tr23_Pcp270;2024-05-14 12:46:45
issue_ticket_tr24_Pcp197;2024-05-14 12:50:03
issue_ticket_tr17_Pcp275;2024-05-14 12:52:16
issue_ticket_tr1_Pcp398;2024-05-14 12:53:44
issue_ticket_tr8_Pcp419;2024-05-14 13:16:51
issue_ticket_tr26_Pcp467;2024-05-14 13:20:15
issue_ticket_tr28_Pcp379;2024-05-14 13:23:46
issue_ticket_tr37_Pcp72;2024-05-14 13:25:59
issue_ticket_tr43_Pcp309;2024-05-14 13:27:29
issue_ticket_tr27_Pcp172;2024-05-14 13:47:39
issue_ticket_tr39_Pcp473;2024-05-14 14:05:21
issue_ticket_tr9_Pcp253;2024-05-14 14:08:13
issue_ticket_tr6_Pcp435;2024-05-14 14:09:02
issue_ticket_tr14_Pcp249;2024-05-14 14:42:50
issue_ticket_tr16_Pcp465;2024-05-14 15:27:11
issue_ticket_tr5_Pcp454;2024-05-14 16:16:23
issue_ticket_tr48_Pcp268;2024-05-14 16:42:01
issue_ticket_tr41_Pcp76;2024-05-14 17:13:26
issue_ticket_tr34_Pcp383;2024-05-14 17:25:03
issue_ticket_tr13_Pcp369;2024-05-14 19:11:48
issue_ticket_tr47_Pcp217;2024-05-14 19:13:48
issue_ticket_tr2_Pcp460;2024-05-14 19:30:17
issue_ticket_tr36_Pcp327;2024-05-14 20:13:28
issue_ticket_tr50_Pcp452;2024-05-14 20:23:42
issue_ticket_tr12_Pcp45;2024-05-14 20:50:48
issue_ticket_tr22_Pcp141;2024-05-14 21:26:48
issue_ticket_tr3_Pcp484;2024-05-14 21:39:56
issue_ticket_tr21_Pcp408;2024-05-16 11:13:48
issue_ticket_tr30_Pcp290;2024-05-16 11:15:15
issue_ticket_tr10_Pcp221;2024-05-16 11:41:24
issue_ticket_tr20_Pcp395;2024-05-16 12:10:24
issue_ticket_tr7_Pcp46;2024-05-16 12:16:49
issue_ticket_tr35_Pcp56;2024-05-16 12:22:31
issue_ticket_tr25_Pcp365;2024-05-16 12:30:24
issue_ticket_tr15_Pcp257;2024-05-16 12:37:47
issue_ticket_tr40_Pcp145;2024-05-16 12:39:07
issue_ticket_tr46_Pcp204;2024-05-16 12:44:25
issue_ticket_tr38_Pcp344;2024-05-16 12:49:54
issue_ticket_tr29_Pcp163;2024-05-16 13:00:14
issue_ticket_tr44_Pcp411;2024-05-16 13:05:43
issue_ticket_tr19_Pcp130;2024-05-16 13:05:48
issue_ticket_tr4_Pcp346;2024-05-16 13:23:11
issue_ticket_tr18_Pcp456;2024-05-16 13:28:11
issue_ticket_tr31_Pcp483;2024-05-16 13:28:49
issue_ticket_tr42_Pcp403;2024-05-16 13:31:56
issue_ticket_tr11_Pcp107;2024-05-16 13:32:28
issue_ticket_tr45_Pcp226;2024-05-16 13:39:43
issue_ticket_tr49_Pcp360;2024-05-16 13:45:07
issue_ticket_tr37_Pcp134;2024-05-16 14:10:14
issue_ticket_tr23_Pcp281;2024-05-16 14:32:12
issue_ticket_tr1_Pcp396;2024-05-16 14:37:18
issue_ticket_tr8_Pcp158;2024-05-16 14:55:53
issue_ticket_tr43_Pcp214;2024-05-16 14:58:34
issue_ticket_tr27_Pcp43;2024-05-16 15:00:40
issue_ticket_tr6_Pcp279;2024-05-16 15:12:06
issue_ticket_tr9_Pcp74;2024-05-16 15:17:09
issue_ticket_tr28_Pcp293;2024-05-16 15:35:18
issue_ticket_tr14_Pcp485;2024-05-16 15:44:56
issue_ticket_tr39_Pcp327;2024-05-16 15:51:04
issue_ticket_tr24_Pcp436;2024-05-16 15:57:02
issue_ticket_tr26_Pcp268;2024-05-16 16:12:25
issue_ticket_tr16_Pcp198;2024-05-16 16:26:34
issue_ticket_tr5_Pcp363;2024-05-16 17:00:20
issue_ticket_tr41_Pcp315;2024-05-16 17:55:40
issue_ticket_tr48_Pcp131;2024-05-16 18:23:28
issue_ticket_tr34_Pcp74;2024-05-16 18:48:24
issue_ticket_tr47_Pcp476;2024-05-16 19:50:28
issue_ticket_tr13_Pcp472;2024-05-16 20:19:59
issue_ticket_tr2_Pcp362;2024-05-16 20:43:16
issue_ticket_tr50_Pcp483;2024-05-16 21:28:36
issue_ticket_tr36_Pcp85;2024-05-16 22:08:53
issue_ticket_tr22_Pcp466;2024-05-16 22:22:31
issue_ticket_tr12_Pcp389;2024-05-16 23:53:11
issue_ticket_tr3_Pcp324;2024-05-17 00:41:59
issue_ticket_tr30_Pcp1;2024-05-18 12:05:35
issue_ticket_tr32_Pcp379;2024-05-18 12:25:29
issue_ticket_tr21_Pcp155;2024-05-18 12:31:25
issue_ticket_tr10_Pcp130;2024-05-18 12:46:26
issue_ticket_tr33_Pcp410;2024-05-18 13:04:38
issue_ticket_tr15_Pcp34;2024-05-18 13:14:21
issue_ticket_tr20_Pcp100;2024-05-18 13:33:11
issue_ticket_tr38_Pcp161;2024-05-18 13:49:41
issue_ticket_tr25_Pcp41;2024-05-18 13:51:54
issue_ticket_tr29_Pcp263;2024-05-18 13:54:07
issue_ticket_tr4_Pcp240;2024-05-18 14:04:46
issue_ticket_tr7_Pcp339;2024-05-18 14:04:58
issue_ticket_tr40_Pcp431;2024-05-18 14:09:33
issue_ticket_tr35_Pcp34;2024-05-18 14:10:54
issue_ticket_tr31_Pcp469;2024-05-18 14:16:02
issue_ticket_tr18_Pcp285;2024-05-18 14:22:06
issue_ticket_tr46_Pcp220;2024-05-18 14:25:48
issue_ticket_tr42_Pcp315;2024-05-18 14:30:44
issue_ticket_tr49_Pcp152;2024-05-18 14:31:02
issue_ticket_tr11_Pcp398;2024-05-18 14:43:22
issue_ticket_tr37_Pcp85;2024-05-18 14:58:47
issue_ticket_tr1_Pcp314;2024-05-18 15:18:08
issue_ticket_tr44_Pcp124;2024-05-18 15:49:38
issue_ticket_tr45_Pcp170;2024-05-18 16:03:16
issue_ticket_tr6_Pcp166;2024-05-18 16:07:23
issue_ticket_tr9_Pcp464;2024-05-18 16:21:28
issue_ticket_tr17_Pcp433;2024-05-18 16:22:15
issue_ticket_tr27_Pcp107;2024-05-18 16:24:08
issue_ticket_tr43_Pcp306;2024-05-18 16:41:06
issue_ticket_tr23_Pcp64;2024-05-18 16:41:07
issue_ticket_tr28_Pcp460;2024-05-18 16:50:54
issue_ticket_tr24_Pcp46;2024-05-18 17:09:31
issue_ticket_tr8_Pcp430;2024-05-18 17:13:12
issue_ticket_tr26_Pcp388;2024-05-18 17:28:12
issue_ticket_tr39_Pcp450;2024-05-18 17:46:11
issue_ticket_tr5_Pcp303;2024-05-18 17:46:54
issue_ticket_tr16_Pcp172;2024-05-18 17:57:09
issue_ticket_tr41_Pcp217;2024-05-18 19:45:12
issue_ticket_tr48_Pcp192;2024-05-18 19:57:47
issue_ticket_tr34_Pcp425;2024-05-18 20:03:51
issue_ticket_tr47_Pcp156;2024-05-18 20:50:56
issue_ticket_tr13_Pcp7;2024-05-18 22:11:44
issue_ticket_tr2_Pcp314;2024-05-18 22:29:27
issue_ticket_tr50_Pcp443;2024-05-18 23:08:42
issue_ticket_tr36_Pcp443;2024-05-18 23:23:32
issue_ticket_tr22_Pcp470;2024-05-19 00:44:00
issue_ticket_tr12_Pcp168;2024-05-19 00:55:49
issue_ticket_tr3_Pcp156;2024-05-19 02:29:18
issue_ticket_tr30_Pcp237;2024-05-20 13:30:38
issue_ticket_tr21_Pcp388;2024-05-20 13:40:35
issue_ticket_tr10_Pcp413;2024-05-20 13:46:36
issue_ticket_tr32_Pcp9;2024-05-20 13:53:08
issue_ticket_tr20_Pcp141;2024-05-20 14:36:50
issue_ticket_tr33_Pcp410;2024-05-20 14:43:24
issue_ticket_tr7_Pcp12;2024-05-20 14:54:07
issue_ticket_tr31_Pcp22;2024-05-20 15:12:38
issue_ticket_tr38_Pcp343;2024-05-20 15:25:12
issue_ticket_tr18_Pcp214;2024-05-20 15:25:52
issue_ticket_tr42_Pcp48;2024-05-20 15:26:18
issue_ticket_tr35_Pcp193;2024-05-20 15:28:43
issue_ticket_tr46_Pcp96;2024-05-20 15:33:59
issue_ticket_tr49_Pcp429;2024-05-20 15:41:55
issue_ticket_tr4_Pcp490;2024-05-20 15:43:26
issue_ticket_tr15_Pcp116;2024-05-20 15:45:22
issue_ticket_tr19_Pcp159;2024-05-20 15:59:50
issue_ticket_tr11_Pcp465;2024-05-20 16:01:55
issue_ticket_tr37_Pcp464;2024-05-20 16:08:02
issue_ticket_tr1_Pcp161;2024-05-20 16:23:08
issue_ticket_tr40_Pcp187;2024-05-20 16:37:24
issue_ticket_tr25_Pcp226;2024-05-20 16:47:12
issue_ticket_tr6_Pcp466;2024-05-20 16:50:27
issue_ticket_tr27_Pcp162;2024-05-20 16:56:08
issue_ticket_tr17_Pcp343;2024-05-20 17:04:52
issue_ticket_tr45_Pcp126;2024-05-20 17:20:20
issue_ticket_tr14_Pcp291;2024-05-20 17:48:30
issue_ticket_tr23_Pcp198;2024-05-20 17:50:26
issue_ticket_tr24_Pcp187;2024-05-20 17:51:31
issue_ticket_tr43_Pcp428;2024-05-20 17:55:16
issue_ticket_tr44_Pcp126;2024-05-20 17:56:54
issue_ticket_tr28_Pcp467;2024-05-20 17:57:31
issue_ticket_tr9_Pcp291;2024-05-20 18:02:50
issue_ticket_tr26_Pcp414;2024-05-20 18:28:41
issue_ticket_tr5_Pcp453;2024-05-20 18:46:04
issue_ticket_tr39_Pcp374;2024-05-20 18:48:01
issue_ticket_tr16_Pcp279;2024-05-20 19:50:10
issue_ticket_tr48_Pcp433;2024-05-20 20:45:49
issue_ticket_tr41_Pcp102;2024-05-20 21:04:16
issue_ticket_tr47_Pcp224;2024-05-20 21:38:34
issue_ticket_tr34_Pcp93;2024-05-20 22:09:42
issue_ticket_tr2_Pcp93;2024-05-20 23:06:38
issue_ticket_tr13_Pcp166;2024-05-20 23:37:10
issue_ticket_tr50_Pcp66;2024-05-21 00:06:55
issue_ticket_tr36_Pcp230;2024-05-21 00:42:18
issue_ticket_tr12_Pcp383;2024-05-21 02:13:14
issue_ticket_tr22_Pcp220;2024-05-21 02:22:48
issue_ticket_tr3_Pcp394;2024-05-21 03:28:37
issue_ticket_tr30_Pcp345;2024-05-22 14:25:38
issue_ticket_tr21_Pcp382;2024-05-22 14:41:08
issue_ticket_tr10_Pcp346;2024-05-22 15:03:47
issue_ticket_tr29_Pcp50;2024-05-22 15:10:22
issue_ticket_tr20_Pcp138;2024-05-22 15:18:48
issue_ticket_tr33_Pcp290;2024-05-22 15:38:16
issue_ticket_tr32_Pcp158;2024-05-22 16:02:18
issue_ticket_tr42_Pcp145;2024-05-22 16:05:23
issue_ticket_tr38_Pcp334;2024-05-22 16:35:48
issue_ticket_tr31_Pcp478;2024-05-22 16:37:19
issue_ticket_tr4_Pcp230;2024-05-22 16:41:47
issue_ticket_tr18_Pcp134;2024-05-22 17:04:12
issue_ticket_tr37_Pcp331;2024-05-22 17:18:18
issue_ticket_tr1_Pcp12;2024-05-22 17:18:31
issue_ticket_tr40_Pcp345;2024-05-22 17:31:03
issue_ticket_tr35_Pcp344;2024-05-22 17:32:27
issue_ticket_tr15_Pcp280;2024-05-22 17:39:26
issue_ticket_tr46_Pcp498;2024-05-22 18:12:27
issue_ticket_tr17_Pcp4;2024-05-22 18:18:08
issue_ticket_tr8_Pcp435;2024-05-22 18:37:16
issue_ticket_tr19_Pcp479;2024-05-22 18:38:20
issue_ticket_tr24_Pcp174;2024-05-22 18:44:21
issue_ticket_tr23_Pcp174;2024-05-22 18:44:31
issue_ticket_tr25_Pcp20;2024-05-22 18:48:29
issue_ticket_tr43_Pcp170;2024-05-22 19:12:31
issue_ticket_tr28_Pcp380;2024-05-22 19:12:53
issue_ticket_tr9_Pcp478;2024-05-22 19:17:19
issue_ticket_tr5_Pcp285;2024-05-22 19:48:54
issue_ticket_tr26_Pcp403;2024-05-22 20:27:43
issue_ticket_tr44_Pcp9;2024-05-22 20:36:19
issue_ticket_tr16_Pcp436;2024-05-22 21:22:01
issue_ticket_tr48_Pcp380;2024-05-22 21:54:49
issue_ticket_tr41_Pcp348;2024-05-22 23:49:58
issue_ticket_tr2_Pcp186;2024-05-23 00:03:37
issue_ticket_tr34_Pcp77;2024-05-23 00:24:58
issue_ticket_tr13_Pcp303;2024-05-23 00:40:10
issue_ticket_tr50_Pcp391;2024-05-23 00:54:34
issue_ticket_tr36_Pcp320;2024-05-23 01:49:08
issue_ticket_tr22_Pcp374;2024-05-23 03:34:01
issue_ticket_tr21_Pcp224;2024-05-24 15:41:01
issue_ticket_tr30_Pcp22;2024-05-24 15:56:11
issue_ticket_tr7_Pcp179;2024-05-24 16:22:19
issue_ticket_tr20_Pcp36;2024-05-24 16:48:52
issue_ticket_tr49_Pcp7;2024-05-24 16:59:29
issue_ticket_tr33_Pcp103;2024-05-24 17:01:28
issue_ticket_tr32_Pcp295;2024-05-24 17:09:18
issue_ticket_tr42_Pcp36;2024-05-24 17:25:16
issue_ticket_tr10_Pcp193;2024-05-24 17:31:18
issue_ticket_tr29_Pcp391;2024-05-24 17:39:47
issue_ticket_tr38_Pcp250;2024-05-24 17:41:50
issue_ticket_tr18_Pcp182;2024-05-24 18:15:27
issue_ticket_tr1_Pcp185;2024-05-24 19:52:32
issue_ticket_tr44_Pcp329;2024-05-25 05:08:29
issue_ticket_tr40_Pcp195;2024-05-25 06:56:45
issue_ticket_tr47_Pcp319;2024-05-26 01:20:38
issue_ticket_tr2_Pcp349;2024-05-26 08:56:16
issue_ticket_tr35_Pcp139;2024-05-26 09:13:29
issue_ticket_tr27_Pcp424;2024-05-26 11:30:45
issue_ticket_tr36_Pcp488;2024-05-26 12:05:14
issue_ticket_tr19_Pcp442;2024-05-26 12:46:05
issue_ticket_tr8_Pcp59;2024-05-26 12:50:06
issue_ticket_tr37_Pcp439;2024-05-26 13:19:57
issue_ticket_tr41_Pcp218;2024-05-26 20:00:13
issue_ticket_tr5_Pcp10;2024-05-27 09:01:38
issue_ticket_tr9_Pcp267;2024-05-28 03:31:35
issue_ticket_tr8_Pcp235;2024-05-31 08:50:31
