ocel_id;ocel_time;rain condition
enter_tr7_Pcp35;2024-05-02 23:56:35;Have Rain
enter_tr38_Pcp35;2024-05-02 23:59:13;Have Rain
enter_tr6_Pcp88;2024-05-03 09:52:26;Have Rain
enter_tr17_Pcp88;2024-05-03 09:55:10;Have Rain
enter_tr13_Pcp89;2024-05-04 05:55:41;No Rain
enter_tr3_Pcp89;2024-05-04 05:58:54;No Rain
enter_tr34_Pcp338;2024-05-04 06:53:56;Have Rain
enter_tr50_Pcp338;2024-05-04 07:00:06;No Rain
enter_tr29_Pcp69;2024-05-06 04:42:14;No Rain
enter_tr11_Pcp228;2024-05-06 04:48:22;No Rain
enter_tr21_Pcp228;2024-05-06 04:49:42;No Rain
enter_tr39_Pcp169;2024-05-06 04:49:56;No Rain
enter_tr9_Pcp415;2024-05-06 04:50:19;No Rain
enter_tr38_Pcp69;2024-05-06 04:50:32;No Rain
enter_tr10_Pcp385;2024-05-06 04:50:39;No Rain
enter_tr44_Pcp169;2024-05-06 04:50:51;No Rain
enter_tr35_Pcp385;2024-05-06 04:52:38;No Rain
enter_tr23_Pcp468;2024-05-06 04:56:13;No Rain
enter_tr46_Pcp190;2024-05-06 04:58:35;No Rain
enter_tr43_Pcp468;2024-05-06 04:58:35;No Rain
enter_tr26_Pcp415;2024-05-06 04:58:55;No Rain
enter_tr45_Pcp146;2024-05-06 05:00:45;Have Rain
enter_tr27_Pcp190;2024-05-06 05:01:45;Have Rain
enter_tr33_Pcp146;2024-05-06 05:03:30;Have Rain
enter_tr6_Pcp119;2024-05-06 05:08:08;Have Rain
enter_tr5_Pcp245;2024-05-06 05:08:18;Have Rain
enter_tr8_Pcp234;2024-05-06 05:08:53;Have Rain
enter_tr19_Pcp119;2024-05-06 05:09:53;Have Rain
enter_tr25_Pcp110;2024-05-06 05:11:30;Have Rain
enter_tr40_Pcp245;2024-05-06 05:11:44;Have Rain
enter_tr37_Pcp81;2024-05-06 05:11:44;Have Rain
enter_tr15_Pcp234;2024-05-06 05:13:07;Have Rain
enter_tr4_Pcp287;2024-05-06 05:17:31;Have Rain
enter_tr18_Pcp110;2024-05-06 05:19:11;Have Rain
enter_tr32_Pcp287;2024-05-06 05:19:38;Have Rain
enter_tr31_Pcp105;2024-05-06 05:21:26;Have Rain
enter_tr49_Pcp258;2024-05-06 05:22:04;Have Rain
enter_tr30_Pcp128;2024-05-06 05:22:05;Have Rain
enter_tr7_Pcp258;2024-05-06 05:22:19;Have Rain
enter_tr17_Pcp81;2024-05-06 05:23:10;Have Rain
enter_tr14_Pcp404;2024-05-06 05:24:57;Have Rain
enter_tr24_Pcp82;2024-05-06 05:25:27;Have Rain
enter_tr28_Pcp105;2024-05-06 05:25:49;Have Rain
enter_tr1_Pcp404;2024-05-06 05:25:57;Have Rain
enter_tr16_Pcp440;2024-05-06 05:27:59;Have Rain
enter_tr42_Pcp440;2024-05-06 05:30:16;Have Rain
enter_tr20_Pcp82;2024-05-06 05:34:38;Have Rain
enter_tr47_Pcp438;2024-05-06 12:02:12;No Rain
enter_tr34_Pcp121;2024-05-06 12:03:28;No Rain
enter_tr48_Pcp121;2024-05-06 12:05:33;No Rain
enter_tr2_Pcp14;2024-05-06 12:07:00;No Rain
enter_tr50_Pcp459;2024-05-06 12:10:49;No Rain
enter_tr12_Pcp432;2024-05-06 12:11:26;No Rain
enter_tr13_Pcp438;2024-05-06 12:12:06;No Rain
enter_tr22_Pcp14;2024-05-06 12:16:02;No Rain
enter_tr41_Pcp459;2024-05-06 12:17:58;No Rain
enter_tr36_Pcp432;2024-05-06 12:20:32;No Rain
enter_tr3_Pcp219;2024-05-06 12:22:29;No Rain
enter_tr10_Pcp271;2024-05-08 05:05:49;Have Rain
enter_tr43_Pcp99;2024-05-08 05:13:39;Have Rain
enter_tr35_Pcp434;2024-05-08 05:15:52;Have Rain
enter_tr11_Pcp99;2024-05-08 05:29:02;Have Rain
enter_tr21_Pcp421;2024-05-08 05:35:58;Have Rain
enter_tr44_Pcp223;2024-05-08 05:37:02;Have Rain
enter_tr33_Pcp354;2024-05-08 05:57:12;Have Rain
enter_tr4_Pcp219;2024-05-08 05:58:25;Have Rain
enter_tr32_Pcp487;2024-05-08 06:02:04;Have Rain
enter_tr5_Pcp194;2024-05-08 06:02:16;Have Rain
enter_tr40_Pcp482;2024-05-08 06:05:15;Have Rain
enter_tr30_Pcp497;2024-05-08 06:08:19;Have Rain
enter_tr6_Pcp363;2024-05-08 06:09:42;Have Rain
enter_tr26_Pcp209;2024-05-08 06:13:25;Have Rain
enter_tr23_Pcp434;2024-05-08 06:14:40;Have Rain
enter_tr15_Pcp208;2024-05-08 06:14:49;Have Rain
enter_tr37_Pcp38;2024-05-08 06:17:35;Have Rain
enter_tr19_Pcp354;2024-05-08 06:21:02;Have Rain
enter_tr49_Pcp213;2024-05-08 06:23:13;Have Rain
enter_tr28_Pcp223;2024-05-08 06:25:17;Have Rain
enter_tr38_Pcp421;2024-05-08 06:25:19;Have Rain
enter_tr39_Pcp248;2024-05-08 06:30:01;Have Rain
enter_tr8_Pcp73;2024-05-08 06:35:07;Have Rain
enter_tr29_Pcp240;2024-05-08 06:41:32;Have Rain
enter_tr25_Pcp293;2024-05-08 06:41:39;Have Rain
enter_tr9_Pcp451;2024-05-08 06:44:10;Have Rain
enter_tr16_Pcp70;2024-05-08 06:44:10;Have Rain
enter_tr24_Pcp70;2024-05-08 06:49:08;Have Rain
enter_tr7_Pcp94;2024-05-08 06:51:47;Have Rain
enter_tr46_Pcp106;2024-05-08 06:53:06;Have Rain
enter_tr20_Pcp498;2024-05-08 06:53:52;Have Rain
enter_tr27_Pcp94;2024-05-08 06:57:02;Have Rain
enter_tr31_Pcp208;2024-05-08 07:03:33;No Rain
enter_tr17_Pcp248;2024-05-08 07:04:06;No Rain
enter_tr45_Pcp294;2024-05-08 07:04:39;No Rain
enter_tr14_Pcp497;2024-05-08 07:15:52;No Rain
enter_tr18_Pcp452;2024-05-08 07:17:05;No Rain
enter_tr42_Pcp450;2024-05-08 07:20:41;No Rain
enter_tr1_Pcp451;2024-05-08 07:53:43;No Rain
enter_tr13_Pcp73;2024-05-08 12:53:08;Have Rain
enter_tr41_Pcp86;2024-05-08 13:06:25;No Rain
enter_tr12_Pcp162;2024-05-08 13:10:20;No Rain
enter_tr48_Pcp365;2024-05-08 13:12:02;No Rain
enter_tr50_Pcp482;2024-05-08 13:15:49;No Rain
enter_tr34_Pcp205;2024-05-08 13:18:27;No Rain
enter_tr2_Pcp495;2024-05-08 13:32:22;No Rain
enter_tr3_Pcp104;2024-05-08 13:47:28;No Rain
enter_tr36_Pcp367;2024-05-08 14:00:17;No Rain
enter_tr22_Pcp113;2024-05-08 14:23:19;No Rain
enter_tr47_Pcp124;2024-05-08 14:55:09;No Rain
enter_tr10_Pcp407;2024-05-10 05:49:32;No Rain
enter_tr4_Pcp428;2024-05-10 06:44:54;No Rain
enter_tr23_Pcp389;2024-05-10 06:56:22;No Rain
enter_tr26_Pcp320;2024-05-10 07:02:41;No Rain
enter_tr44_Pcp427;2024-05-10 07:07:48;No Rain
enter_tr40_Pcp1;2024-05-10 07:09:51;No Rain
enter_tr35_Pcp324;2024-05-10 07:17:39;No Rain
enter_tr30_Pcp454;2024-05-10 07:25:01;No Rain
enter_tr49_Pcp330;2024-05-10 07:25:46;No Rain
enter_tr20_Pcp171;2024-05-10 07:30:26;No Rain
enter_tr29_Pcp113;2024-05-10 07:31:57;No Rain
enter_tr21_Pcp63;2024-05-10 07:35:32;No Rain
enter_tr43_Pcp472;2024-05-10 07:37:20;No Rain
enter_tr11_Pcp479;2024-05-10 07:38:32;No Rain
enter_tr33_Pcp360;2024-05-10 07:39:09;No Rain
enter_tr46_Pcp309;2024-05-10 07:40:49;No Rain
enter_tr27_Pcp336;2024-05-10 07:45:16;No Rain
enter_tr18_Pcp207;2024-05-10 07:48:08;No Rain
enter_tr19_Pcp20;2024-05-10 07:48:23;No Rain
enter_tr39_Pcp362;2024-05-10 07:59:04;No Rain
enter_tr37_Pcp253;2024-05-10 08:03:41;Have Rain
enter_tr24_Pcp249;2024-05-10 08:04:07;Have Rain
enter_tr45_Pcp102;2024-05-10 08:04:29;Have Rain
enter_tr31_Pcp484;2024-05-10 08:04:53;Have Rain
enter_tr42_Pcp23;2024-05-10 08:05:44;Have Rain
enter_tr15_Pcp96;2024-05-10 08:06:56;Have Rain
enter_tr7_Pcp168;2024-05-10 08:08:43;Have Rain
enter_tr38_Pcp86;2024-05-10 08:11:27;Have Rain
enter_tr25_Pcp407;2024-05-10 08:17:44;Have Rain
enter_tr8_Pcp221;2024-05-10 08:22:08;Have Rain
enter_tr1_Pcp207;2024-05-10 08:22:49;Have Rain
enter_tr17_Pcp305;2024-05-10 08:23:57;Have Rain
enter_tr32_Pcp64;2024-05-10 08:25:24;Have Rain
enter_tr6_Pcp336;2024-05-10 08:25:37;Have Rain
enter_tr16_Pcp163;2024-05-10 08:57:38;Have Rain
enter_tr14_Pcp197;2024-05-10 09:02:10;No Rain
enter_tr5_Pcp334;2024-05-10 09:11:56;No Rain
enter_tr9_Pcp431;2024-05-10 09:35:31;No Rain
enter_tr28_Pcp155;2024-05-10 09:38:16;No Rain
enter_tr48_Pcp95;2024-05-10 13:37:19;Have Rain
enter_tr34_Pcp311;2024-05-10 13:48:32;Have Rain
enter_tr41_Pcp49;2024-05-10 14:07:10;No Rain
enter_tr2_Pcp397;2024-05-10 14:12:17;No Rain
enter_tr12_Pcp104;2024-05-10 14:12:45;No Rain
enter_tr50_Pcp48;2024-05-10 14:16:01;No Rain
enter_tr13_Pcp490;2024-05-10 15:17:29;No Rain
enter_tr47_Pcp430;2024-05-10 15:23:07;No Rain
enter_tr36_Pcp369;2024-05-10 15:50:15;No Rain
enter_tr22_Pcp330;2024-05-10 15:52:32;No Rain
enter_tr3_Pcp270;2024-05-10 16:03:51;No Rain
enter_tr10_Pcp116;2024-05-12 06:37:51;No Rain
enter_tr35_Pcp342;2024-05-12 08:05:35;No Rain
enter_tr20_Pcp103;2024-05-12 08:18:51;No Rain
enter_tr30_Pcp202;2024-05-12 08:30:11;No Rain
enter_tr21_Pcp310;2024-05-12 08:33:03;No Rain
enter_tr11_Pcp397;2024-05-12 08:37:04;No Rain
enter_tr44_Pcp427;2024-05-12 08:39:36;No Rain
enter_tr49_Pcp469;2024-05-12 08:43:49;No Rain
enter_tr25_Pcp281;2024-05-12 08:52:10;No Rain
enter_tr33_Pcp45;2024-05-12 08:57:36;No Rain
enter_tr7_Pcp470;2024-05-12 09:00:17;Have Rain
enter_tr26_Pcp175;2024-05-12 09:02:52;Have Rain
enter_tr18_Pcp260;2024-05-12 09:08:15;Have Rain
enter_tr38_Pcp296;2024-05-12 09:10:03;Have Rain
enter_tr29_Pcp276;2024-05-12 09:13:45;Have Rain
enter_tr1_Pcp485;2024-05-12 09:18:23;Have Rain
enter_tr17_Pcp423;2024-05-12 09:26:30;Have Rain
enter_tr40_Pcp275;2024-05-12 09:27:09;Have Rain
enter_tr4_Pcp38;2024-05-12 09:30:02;Have Rain
enter_tr24_Pcp41;2024-05-12 09:34:31;Have Rain
enter_tr8_Pcp76;2024-05-12 09:37:23;Have Rain
enter_tr32_Pcp457;2024-05-12 09:39:19;Have Rain
enter_tr46_Pcp177;2024-05-12 09:39:52;Have Rain
enter_tr15_Pcp213;2024-05-12 09:41:36;Have Rain
enter_tr6_Pcp106;2024-05-12 09:44:37;Have Rain
enter_tr23_Pcp56;2024-05-12 09:50:14;Have Rain
enter_tr39_Pcp24;2024-05-12 10:01:49;No Rain
enter_tr43_Pcp204;2024-05-12 10:06:48;No Rain
enter_tr19_Pcp151;2024-05-12 10:12:13;No Rain
enter_tr45_Pcp495;2024-05-12 10:15:22;No Rain
enter_tr14_Pcp49;2024-05-12 10:30:03;No Rain
enter_tr42_Pcp205;2024-05-12 10:41:43;No Rain
enter_tr31_Pcp196;2024-05-12 10:41:55;No Rain
enter_tr28_Pcp447;2024-05-12 10:48:29;No Rain
enter_tr37_Pcp447;2024-05-12 10:59:34;No Rain
enter_tr27_Pcp236;2024-05-12 11:07:31;No Rain
enter_tr9_Pcp23;2024-05-12 11:43:43;No Rain
enter_tr16_Pcp117;2024-05-12 12:18:09;No Rain
enter_tr5_Pcp453;2024-05-12 12:27:21;No Rain
enter_tr48_Pcp294;2024-05-12 14:49:02;No Rain
enter_tr34_Pcp211;2024-05-12 15:04:45;No Rain
enter_tr41_Pcp284;2024-05-12 15:13:15;No Rain
enter_tr50_Pcp72;2024-05-12 16:04:35;No Rain
enter_tr2_Pcp179;2024-05-12 16:23:19;No Rain
enter_tr22_Pcp395;2024-05-12 17:26:24;No Rain
enter_tr13_Pcp25;2024-05-12 17:28:25;No Rain
enter_tr47_Pcp367;2024-05-12 17:28:44;No Rain
enter_tr12_Pcp151;2024-05-12 17:32:51;No Rain
enter_tr36_Pcp209;2024-05-12 17:45:44;No Rain
enter_tr3_Pcp342;2024-05-12 19:39:57;Have Rain
enter_tr10_Pcp355;2024-05-14 08:21:37;Have Rain
enter_tr21_Pcp177;2024-05-14 08:55:34;Have Rain
enter_tr30_Pcp182;2024-05-14 08:57:15;Have Rain
enter_tr20_Pcp202;2024-05-14 09:36:57;No Rain
enter_tr49_Pcp487;2024-05-14 09:38:11;No Rain
enter_tr44_Pcp159;2024-05-14 10:08:21;No Rain
enter_tr7_Pcp77;2024-05-14 10:21:18;No Rain
enter_tr40_Pcp100;2024-05-14 10:28:46;No Rain
enter_tr25_Pcp153;2024-05-14 10:30:01;No Rain
enter_tr32_Pcp423;2024-05-14 10:30:11;No Rain
enter_tr4_Pcp252;2024-05-14 10:30:39;No Rain
enter_tr8_Pcp419;2024-05-14 10:34:10;No Rain
enter_tr15_Pcp411;2024-05-14 10:34:52;No Rain
enter_tr35_Pcp142;2024-05-14 10:47:37;No Rain
enter_tr38_Pcp284;2024-05-14 10:49:18;No Rain
enter_tr33_Pcp370;2024-05-14 10:50:07;No Rain
enter_tr11_Pcp408;2024-05-14 10:51:05;No Rain
enter_tr18_Pcp396;2024-05-14 10:51:25;No Rain
enter_tr45_Pcp296;2024-05-14 10:56:49;No Rain
enter_tr29_Pcp117;2024-05-14 11:10:59;No Rain
enter_tr19_Pcp131;2024-05-14 11:13:16;No Rain
enter_tr17_Pcp275;2024-05-14 11:14:50;No Rain
enter_tr46_Pcp476;2024-05-14 11:14:58;No Rain
enter_tr42_Pcp171;2024-05-14 11:25:24;No Rain
enter_tr31_Pcp211;2024-05-14 11:30:10;No Rain
enter_tr1_Pcp398;2024-05-14 11:35:55;No Rain
enter_tr26_Pcp467;2024-05-14 11:49:34;No Rain
enter_tr28_Pcp379;2024-05-14 11:49:48;No Rain
enter_tr24_Pcp197;2024-05-14 11:50:32;No Rain
enter_tr37_Pcp72;2024-05-14 11:54:06;No Rain
enter_tr43_Pcp309;2024-05-14 11:55:18;No Rain
enter_tr14_Pcp249;2024-05-14 11:57:58;No Rain
enter_tr23_Pcp270;2024-05-14 12:02:50;Have Rain
enter_tr6_Pcp435;2024-05-14 12:22:24;Have Rain
enter_tr27_Pcp172;2024-05-14 12:25:04;Have Rain
enter_tr39_Pcp473;2024-05-14 12:29:18;Have Rain
enter_tr9_Pcp253;2024-05-14 12:56:56;Have Rain
enter_tr16_Pcp465;2024-05-14 13:13:43;No Rain
enter_tr5_Pcp454;2024-05-14 13:35:26;No Rain
enter_tr48_Pcp268;2024-05-14 15:46:49;No Rain
enter_tr41_Pcp76;2024-05-14 16:02:20;No Rain
enter_tr34_Pcp383;2024-05-14 16:39:45;No Rain
enter_tr50_Pcp452;2024-05-14 18:03:19;No Rain
enter_tr2_Pcp460;2024-05-14 18:08:29;No Rain
enter_tr13_Pcp369;2024-05-14 18:16:11;No Rain
enter_tr12_Pcp45;2024-05-14 18:19:49;No Rain
enter_tr47_Pcp217;2024-05-14 18:28:07;No Rain
enter_tr36_Pcp327;2024-05-14 18:40:04;No Rain
enter_tr22_Pcp141;2024-05-14 20:24:02;No Rain
enter_tr3_Pcp484;2024-05-14 20:44:04;No Rain
enter_tr21_Pcp408;2024-05-16 09:31:23;No Rain
enter_tr30_Pcp290;2024-05-16 09:48:39;No Rain
enter_tr20_Pcp395;2024-05-16 10:31:32;Have Rain
enter_tr10_Pcp221;2024-05-16 10:38:31;Have Rain
enter_tr32_Pcp339;2024-05-16 11:05:52;No Rain
enter_tr15_Pcp257;2024-05-16 11:17:13;No Rain
enter_tr25_Pcp365;2024-05-16 11:18:23;No Rain
enter_tr35_Pcp56;2024-05-16 11:22:11;No Rain
enter_tr7_Pcp46;2024-05-16 11:29:34;No Rain
enter_tr40_Pcp145;2024-05-16 11:39:07;No Rain
enter_tr33_Pcp341;2024-05-16 11:40:42;No Rain
enter_tr18_Pcp456;2024-05-16 11:42:50;No Rain
enter_tr45_Pcp226;2024-05-16 11:45:49;No Rain
enter_tr31_Pcp483;2024-05-16 12:02:11;Have Rain
enter_tr29_Pcp163;2024-05-16 12:05:08;Have Rain
enter_tr19_Pcp130;2024-05-16 12:07:29;Have Rain
enter_tr38_Pcp344;2024-05-16 12:11:23;Have Rain
enter_tr4_Pcp346;2024-05-16 12:15:16;Have Rain
enter_tr46_Pcp204;2024-05-16 12:15:59;Have Rain
enter_tr44_Pcp411;2024-05-16 12:19:58;Have Rain
enter_tr42_Pcp403;2024-05-16 12:30:27;Have Rain
enter_tr11_Pcp107;2024-05-16 12:41:47;Have Rain
enter_tr23_Pcp281;2024-05-16 12:50:40;Have Rain
enter_tr17_Pcp306;2024-05-16 12:57:42;Have Rain
enter_tr49_Pcp360;2024-05-16 12:57:46;Have Rain
enter_tr1_Pcp396;2024-05-16 12:59:26;Have Rain
enter_tr24_Pcp436;2024-05-16 13:00:34;No Rain
enter_tr8_Pcp158;2024-05-16 13:22:09;No Rain
enter_tr26_Pcp268;2024-05-16 13:23:51;No Rain
enter_tr37_Pcp134;2024-05-16 13:27:55;No Rain
enter_tr43_Pcp214;2024-05-16 13:35:44;No Rain
enter_tr28_Pcp293;2024-05-16 13:36:34;No Rain
enter_tr27_Pcp43;2024-05-16 14:04:55;Have Rain
enter_tr39_Pcp327;2024-05-16 14:08:37;Have Rain
enter_tr9_Pcp74;2024-05-16 14:12:09;Have Rain
enter_tr6_Pcp279;2024-05-16 14:14:39;Have Rain
enter_tr14_Pcp485;2024-05-16 14:48:16;Have Rain
enter_tr16_Pcp198;2024-05-16 15:37:34;No Rain
enter_tr5_Pcp363;2024-05-16 16:27:09;No Rain
enter_tr48_Pcp131;2024-05-16 16:51:43;No Rain
enter_tr41_Pcp315;2024-05-16 17:24:25;No Rain
enter_tr34_Pcp74;2024-05-16 17:38:29;No Rain
enter_tr47_Pcp476;2024-05-16 19:16:44;No Rain
enter_tr13_Pcp472;2024-05-16 19:19:08;No Rain
enter_tr2_Pcp362;2024-05-16 19:37:03;No Rain
enter_tr36_Pcp85;2024-05-16 20:19:09;No Rain
enter_tr50_Pcp483;2024-05-16 20:28:21;No Rain
enter_tr12_Pcp389;2024-05-16 20:56:31;No Rain
enter_tr22_Pcp466;2024-05-16 21:35:11;Have Rain
enter_tr3_Pcp324;2024-05-16 21:44:24;Have Rain
enter_tr21_Pcp155;2024-05-18 11:19:38;No Rain
enter_tr30_Pcp1;2024-05-18 11:28:40;No Rain
enter_tr32_Pcp379;2024-05-18 11:37:22;No Rain
enter_tr10_Pcp130;2024-05-18 11:52:07;No Rain
enter_tr33_Pcp410;2024-05-18 12:15:10;No Rain
enter_tr7_Pcp339;2024-05-18 12:21:32;No Rain
enter_tr20_Pcp100;2024-05-18 12:24:19;No Rain
enter_tr35_Pcp34;2024-05-18 12:26:52;No Rain
enter_tr15_Pcp34;2024-05-18 12:42:24;No Rain
enter_tr25_Pcp41;2024-05-18 12:47:01;No Rain
enter_tr40_Pcp431;2024-05-18 12:48:43;No Rain
enter_tr38_Pcp161;2024-05-18 12:59:27;No Rain
enter_tr46_Pcp220;2024-05-18 12:59:31;No Rain
enter_tr29_Pcp263;2024-05-18 13:03:33;Have Rain
enter_tr19_Pcp186;2024-05-18 13:12:22;Have Rain
enter_tr44_Pcp124;2024-05-18 13:22:18;Have Rain
enter_tr4_Pcp240;2024-05-18 13:30:37;Have Rain
enter_tr18_Pcp285;2024-05-18 13:33:26;Have Rain
enter_tr31_Pcp469;2024-05-18 13:33:29;Have Rain
enter_tr17_Pcp433;2024-05-18 13:35:33;Have Rain
enter_tr11_Pcp398;2024-05-18 13:41:02;Have Rain
enter_tr42_Pcp315;2024-05-18 13:41:30;Have Rain
enter_tr49_Pcp152;2024-05-18 13:48:33;Have Rain
enter_tr45_Pcp170;2024-05-18 13:50:57;Have Rain
enter_tr37_Pcp85;2024-05-18 14:16:34;No Rain
enter_tr23_Pcp64;2024-05-18 14:36:05;No Rain
enter_tr1_Pcp314;2024-05-18 14:38:53;No Rain
enter_tr43_Pcp306;2024-05-18 15:02:00;No Rain
enter_tr8_Pcp430;2024-05-18 15:03:35;No Rain
enter_tr27_Pcp107;2024-05-18 15:06:45;No Rain
enter_tr6_Pcp166;2024-05-18 15:18:23;No Rain
enter_tr9_Pcp464;2024-05-18 15:33:37;No Rain
enter_tr28_Pcp460;2024-05-18 15:42:03;No Rain
enter_tr14_Pcp311;2024-05-18 15:50:45;No Rain
enter_tr39_Pcp450;2024-05-18 15:59:56;No Rain
enter_tr24_Pcp46;2024-05-18 16:03:13;No Rain
enter_tr26_Pcp388;2024-05-18 16:23:23;No Rain
enter_tr16_Pcp172;2024-05-18 16:33:58;No Rain
enter_tr5_Pcp303;2024-05-18 17:09:08;Have Rain
enter_tr41_Pcp217;2024-05-18 18:00:14;No Rain
enter_tr48_Pcp192;2024-05-18 18:30:56;No Rain
enter_tr34_Pcp425;2024-05-18 18:51:42;No Rain
enter_tr47_Pcp156;2024-05-18 19:59:35;No Rain
enter_tr13_Pcp7;2024-05-18 20:24:21;No Rain
enter_tr2_Pcp314;2024-05-18 20:58:48;No Rain
enter_tr50_Pcp443;2024-05-18 21:32:39;Have Rain
enter_tr36_Pcp443;2024-05-18 22:16:22;Have Rain
enter_tr22_Pcp470;2024-05-18 22:25:33;Have Rain
enter_tr12_Pcp168;2024-05-19 00:01:39;No Rain
enter_tr3_Pcp156;2024-05-19 00:57:05;No Rain
enter_tr30_Pcp237;2024-05-20 12:11:02;No Rain
enter_tr32_Pcp9;2024-05-20 12:32:53;No Rain
enter_tr21_Pcp388;2024-05-20 12:39:28;No Rain
enter_tr10_Pcp413;2024-05-20 12:52:44;No Rain
enter_tr33_Pcp410;2024-05-20 13:10:03;No Rain
enter_tr15_Pcp116;2024-05-20 13:19:09;No Rain
enter_tr20_Pcp141;2024-05-20 13:38:16;No Rain
enter_tr19_Pcp159;2024-05-20 13:56:30;No Rain
enter_tr29_Pcp196;2024-05-20 13:57:54;No Rain
enter_tr38_Pcp343;2024-05-20 13:59:04;No Rain
enter_tr25_Pcp226;2024-05-20 13:59:40;No Rain
enter_tr7_Pcp12;2024-05-20 14:09:33;No Rain
enter_tr4_Pcp490;2024-05-20 14:12:06;No Rain
enter_tr40_Pcp187;2024-05-20 14:13:48;No Rain
enter_tr35_Pcp193;2024-05-20 14:21:29;No Rain
enter_tr31_Pcp22;2024-05-20 14:27:38;No Rain
enter_tr18_Pcp214;2024-05-20 14:28:09;No Rain
enter_tr46_Pcp96;2024-05-20 14:33:10;No Rain
enter_tr49_Pcp429;2024-05-20 14:37:04;No Rain
enter_tr42_Pcp48;2024-05-20 14:39:29;No Rain
enter_tr11_Pcp465;2024-05-20 14:59:00;No Rain
enter_tr37_Pcp464;2024-05-20 15:06:39;No Rain
enter_tr1_Pcp161;2024-05-20 15:24:53;No Rain
enter_tr44_Pcp126;2024-05-20 15:55:13;No Rain
enter_tr45_Pcp126;2024-05-20 16:08:21;Have Rain
enter_tr6_Pcp466;2024-05-20 16:11:26;Have Rain
enter_tr14_Pcp291;2024-05-20 16:12:15;Have Rain
enter_tr9_Pcp291;2024-05-20 16:25:56;Have Rain
enter_tr27_Pcp162;2024-05-20 16:27:02;Have Rain
enter_tr17_Pcp343;2024-05-20 16:28:00;Have Rain
enter_tr43_Pcp428;2024-05-20 16:47:37;Have Rain
enter_tr23_Pcp198;2024-05-20 16:48:14;Have Rain
enter_tr28_Pcp467;2024-05-20 16:54:50;Have Rain
enter_tr24_Pcp187;2024-05-20 17:16:20;No Rain
enter_tr8_Pcp138;2024-05-20 17:19:19;No Rain
enter_tr26_Pcp414;2024-05-20 17:33:45;No Rain
enter_tr39_Pcp374;2024-05-20 17:48:34;No Rain
enter_tr5_Pcp453;2024-05-20 17:50:23;No Rain
enter_tr16_Pcp279;2024-05-20 18:05:00;Have Rain
enter_tr41_Pcp102;2024-05-20 19:53:01;Have Rain
enter_tr48_Pcp433;2024-05-20 20:09:04;No Rain
enter_tr34_Pcp93;2024-05-20 20:24:53;No Rain
enter_tr47_Pcp224;2024-05-20 20:55:44;No Rain
enter_tr13_Pcp166;2024-05-20 22:15:31;No Rain
enter_tr2_Pcp93;2024-05-20 22:35:17;No Rain
enter_tr50_Pcp66;2024-05-20 23:11:22;No Rain
enter_tr36_Pcp230;2024-05-20 23:29:31;No Rain
enter_tr22_Pcp220;2024-05-21 00:56:38;No Rain
enter_tr12_Pcp383;2024-05-21 01:03:18;No Rain
enter_tr3_Pcp394;2024-05-21 02:37:44;No Rain
enter_tr30_Pcp345;2024-05-22 13:42:13;Have Rain
enter_tr21_Pcp382;2024-05-22 13:54:31;Have Rain
enter_tr32_Pcp158;2024-05-22 13:56:37;Have Rain
enter_tr10_Pcp346;2024-05-22 13:58:52;Have Rain
enter_tr29_Pcp50;2024-05-22 14:31:42;No Rain
enter_tr20_Pcp138;2024-05-22 14:43:37;No Rain
enter_tr33_Pcp290;2024-05-22 14:51:38;No Rain
enter_tr7_Pcp414;2024-05-22 15:03:45;No Rain
enter_tr31_Pcp478;2024-05-22 15:22:35;No Rain
enter_tr38_Pcp334;2024-05-22 15:29:45;No Rain
enter_tr42_Pcp145;2024-05-22 15:31:49;No Rain
enter_tr35_Pcp344;2024-05-22 15:34:54;No Rain
enter_tr46_Pcp498;2024-05-22 15:36:30;No Rain
enter_tr18_Pcp134;2024-05-22 15:37:47;No Rain
enter_tr49_Pcp252;2024-05-22 15:45:27;No Rain
enter_tr4_Pcp230;2024-05-22 15:48:24;No Rain
enter_tr15_Pcp280;2024-05-22 15:50:43;No Rain
enter_tr19_Pcp479;2024-05-22 16:03:33;No Rain
enter_tr11_Pcp419;2024-05-22 16:03:50;No Rain
enter_tr37_Pcp331;2024-05-22 16:14:42;No Rain
enter_tr1_Pcp12;2024-05-22 16:27:07;No Rain
enter_tr40_Pcp345;2024-05-22 16:54:40;No Rain
enter_tr6_Pcp185;2024-05-22 17:00:14;No Rain
enter_tr27_Pcp370;2024-05-22 17:01:49;No Rain
enter_tr25_Pcp20;2024-05-22 17:02:56;No Rain
enter_tr17_Pcp4;2024-05-22 17:13:53;No Rain
enter_tr45_Pcp263;2024-05-22 17:30:13;No Rain
enter_tr8_Pcp435;2024-05-22 17:46:20;No Rain
enter_tr14_Pcp95;2024-05-22 17:55:31;No Rain
enter_tr24_Pcp174;2024-05-22 17:56:36;No Rain
enter_tr23_Pcp174;2024-05-22 17:58:05;No Rain
enter_tr43_Pcp170;2024-05-22 18:00:34;No Rain
enter_tr44_Pcp9;2024-05-22 18:00:56;No Rain
enter_tr28_Pcp380;2024-05-22 18:03:24;No Rain
enter_tr9_Pcp478;2024-05-22 18:09:58;No Rain
enter_tr26_Pcp403;2024-05-22 18:39:01;No Rain
enter_tr5_Pcp285;2024-05-22 18:51:37;No Rain
enter_tr39_Pcp271;2024-05-22 18:57:12;No Rain
enter_tr16_Pcp436;2024-05-22 19:57:32;No Rain
enter_tr48_Pcp380;2024-05-22 21:05:39;No Rain
enter_tr41_Pcp348;2024-05-22 21:13:30;No Rain
enter_tr47_Pcp341;2024-05-22 21:48:16;No Rain
enter_tr34_Pcp77;2024-05-22 22:13:50;Have Rain
enter_tr2_Pcp186;2024-05-22 23:13:20;No Rain
enter_tr13_Pcp303;2024-05-22 23:44:27;No Rain
enter_tr50_Pcp391;2024-05-23 00:14:48;No Rain
enter_tr36_Pcp320;2024-05-23 00:46:19;No Rain
enter_tr12_Pcp297;2024-05-23 02:16:37;No Rain
enter_tr22_Pcp374;2024-05-23 02:37:37;No Rain
enter_tr3_Pcp142;2024-05-23 03:35:20;No Rain
enter_tr30_Pcp22;2024-05-24 14:34:19;Have Rain
enter_tr21_Pcp224;2024-05-24 14:49:34;Have Rain
enter_tr10_Pcp193;2024-05-24 15:11:53;No Rain
enter_tr29_Pcp391;2024-05-24 15:15:16;No Rain
enter_tr20_Pcp36;2024-05-24 15:29:20;No Rain
enter_tr7_Pcp179;2024-05-24 15:33:01;No Rain
enter_tr33_Pcp103;2024-05-24 15:41:45;No Rain
enter_tr32_Pcp295;2024-05-24 16:08:47;Have Rain
enter_tr42_Pcp36;2024-05-24 16:11:24;Have Rain
enter_tr49_Pcp7;2024-05-24 16:31:56;Have Rain
enter_tr38_Pcp250;2024-05-24 16:39:10;Have Rain
enter_tr31_Pcp4;2024-05-24 16:45:33;Have Rain
enter_tr11_Pcp456;2024-05-24 16:51:43;Have Rain
enter_tr4_Pcp361;2024-05-24 17:01:18;Have Rain
enter_tr1_Pcp185;2024-05-24 17:20:41;Have Rain
enter_tr18_Pcp182;2024-05-24 17:20:50;Have Rain
enter_tr44_Pcp329;2024-05-25 04:11:14;No Rain
enter_tr40_Pcp195;2024-05-25 06:16:10;Have Rain
enter_tr47_Pcp319;2024-05-26 00:30:10;No Rain
enter_tr2_Pcp349;2024-05-26 08:11:49;No Rain
enter_tr27_Pcp424;2024-05-26 08:19:32;No Rain
enter_tr35_Pcp139;2024-05-26 08:22:48;No Rain
enter_tr19_Pcp442;2024-05-26 10:51:46;No Rain
enter_tr36_Pcp488;2024-05-26 11:02:15;No Rain
enter_tr8_Pcp59;2024-05-26 11:07:04;No Rain
enter_tr37_Pcp439;2024-05-26 11:10:19;No Rain
enter_tr41_Pcp218;2024-05-26 18:43:04;No Rain
enter_tr5_Pcp10;2024-05-27 08:10:41;No Rain
enter_tr9_Pcp267;2024-05-28 02:34:27;No Rain
enter_tr8_Pcp417;2024-05-29 00:22:27;No Rain
enter_tr8_Pcp235;2024-05-31 08:12:31;No Rain
